primary_title,premiered,title_id,nudity,violence,profanity,alcohol,frightening
Caprica,2009,tt0799862,Moderate,Moderate,Moderate,Mild,Moderate
"Eastbound & Down",2009,tt0866442,Severe,Mild,Severe,Severe,Mild
"United States of Tara",2009,tt1001482,Moderate,Mild,Severe,Moderate,Mild
"Party Down",2009,tt1073507,Moderate,Mild,Severe,Moderate,None
"Big Time Rush",2009,tt1131746,None,None,None,None,None
"Warehouse 13",2009,tt1132290,Mild,Mild,Mild,Mild,Mild
Dollhouse,2009,tt1135300,Mild,Severe,Mild,Mild,Moderate
Whitechapel,2009,tt1186356,Mild,Severe,,Moderate,
"Nurse Jackie",2009,tt1190689,Moderate,Moderate,Severe,Severe,Moderate
"The Cleveland Show",2009,tt1195935,Mild,Moderate,Moderate,Moderate,Mild
Castle,2009,tt1219024,Mild,Moderate,Mild,Mild,Moderate
Hung,2009,tt1229413,Severe,None,Moderate,Mild,None
"Late Night with Jimmy Fallon",2009,tt1231460,,,,,
"Harper's Island",2009,tt1232320,Mild,Severe,Mild,Moderate,Moderate
"Lie to Me",2009,tt1235099,Moderate,Mild,Mild,Mild,Moderate
"Better Off Ted",2009,tt1235547,Mild,Mild,Mild,Mild,None
"Sonny with a Chance",2009,tt1252374,None,None,None,None,
"Bored to Death",2009,tt1255913,Moderate,Mild,,Moderate,None
"Parks and Recreation",2009,tt1266020,Mild,Mild,Mild,Mild,None
"Drop Dead Diva",2009,tt1280822,,,,,
"Stargate Universe",2009,tt1286039,Mild,Mild,Mild,Mild,Mild
Southland,2009,tt1299368,Mild,Severe,Severe,Severe,Severe
V,2009,tt1307824,Mild,Severe,Moderate,Mild,Moderate
"Royal Pains",2009,tt1319735,Mild,Mild,None,Mild,Moderate
Glee,2009,tt1327801,Mild,None,Mild,Mild,None
"Make It or Break It",2009,tt1332030,Mild,None,Mild,Mild,None
"RuPaul's Drag Race",2009,tt1353056,Mild,None,Moderate,Mild,None
"Fullmetal Alchemist: Brotherhood",2009,tt1355642,Mild,Severe,Mild,Mild,Severe
"White Collar",2009,tt1358522,Mild,Mild,Mild,Mild,Mild
"Boys Over Flowers",2009,tt1370334,None,Moderate,Mild,Mild,Mild
"NCIS: Los Angeles",2009,tt1378167,Mild,Moderate,Mild,Mild,Moderate
"The Vampire Diaries",2009,tt1405406,Moderate,Moderate,Mild,Moderate,Moderate
"Dragon Ball Z Kai",2009,tt1409055,Mild,Moderate,Moderate,Mild,Moderate
Tosh.0,2009,tt1430587,Moderate,Moderate,Severe,None,Mild
Community,2009,tt1439629,Mild,None,Mild,Mild,None
"Cougar Town",2009,tt1441109,Mild,None,Mild,Moderate,None
Flashforward,2009,tt1441135,Mild,Mild,,,Moderate
"Modern Family",2009,tt1442437,Mild,None,Mild,Mild,None
"The Good Wife",2009,tt1442462,Mild,Moderate,Mild,Mild,Mild
"The Middle",2009,tt1442464,None,None,Mild,Mild,None
"The League",2009,tt1480684,Moderate,Mild,Moderate,Moderate,None
Archer,2009,tt1486217,Moderate,Severe,Severe,Severe,Moderate
"Pawn Stars",2009,tt1492088,None,None,Mild,None,None
"Fairy Tail",2009,tt1528406,Moderate,Moderate,Mild,Mild,Mild
Miranda,2009,tt1533435,Mild,None,Mild,Mild,None
Ezel,2009,tt1534360,Mild,Moderate,Moderate,Moderate,Moderate
Misfits,2009,tt1548850,Moderate,Severe,Severe,Moderate,Moderate
"Jersey Shore",2009,tt1563069,Moderate,Moderate,Severe,Moderate,Moderate
"Ancient Aliens",2009,tt1643266,None,Mild,Mild,None,Moderate
"Regular Show",2009,tt1710308,Mild,Moderate,Mild,Mild,Moderate
"Boardwalk Empire",2010,tt0979432,Severe,Severe,Severe,Severe,Severe
Treme,2010,tt1279972,Severe,Moderate,Severe,Moderate,Severe
"How to Make It in America",2010,tt1299365,Mild,Moderate,Moderate,Moderate,
"Adventure Time",2010,tt1305826,Mild,Moderate,Mild,None,Moderate
"Blue Mountain State",2010,tt1344204,Moderate,Mild,Moderate,Severe,None
Rubicon,2010,tt1389371,,,,,
"Good Luck Charlie",2010,tt1415889,None,None,None,None,None
Parenthood,2010,tt1416765,Mild,Mild,Mild,Mild,Mild
"Lost Girl",2010,tt1429449,Moderate,Mild,Mild,Mild,Mild
"Human Target",2010,tt1439741,,,,,
"Rookie Blue",2010,tt1442065,Mild,Moderate,Mild,Moderate,Mild
"Life Unexpected",2010,tt1442109,Mild,,Moderate,Moderate,
Spartacus,2010,tt1442449,Severe,Severe,Severe,Moderate,Severe
Luther,2010,tt1474684,Mild,Severe,Mild,Mild,Severe
Sherlock,2010,tt1475582,Mild,Moderate,Mild,Moderate,Moderate
Justified,2010,tt1489428,Mild,Severe,Moderate,Moderate,Moderate
"Strike Back",2010,tt1492179,Severe,Severe,Severe,Mild,Moderate
Louie,2010,tt1492966,Severe,Mild,Moderate,Moderate,Moderate
Terriers,2010,tt1493239,Moderate,Mild,,,
"Covert Affairs",2010,tt1495708,Mild,Mild,Mild,Mild,Mild
"Through the Wormhole",2010,tt1513168,,,,,
"The Big C",2010,tt1515193,Mild,Mild,Severe,Moderate,Moderate
Haven,2010,tt1519931,Mild,Mild,Mild,Mild,Mild
"The Walking Dead",2010,tt1520211,Mild,Severe,Moderate,Mild,Severe
Borgen,2010,tt1526318,Mild,,Moderate,,
"Rizzoli & Isles",2010,tt1551632,None,Mild,Mild,,
"The Glades",2010,tt1552112,Mild,,Mild,,Moderate
"The Ricky Gervais Show",2010,tt1553644,Moderate,Mild,Severe,None,None
"Pretty Little Liars",2010,tt1578873,Mild,Moderate,Mild,Mild,Moderate
"The Event",2010,tt1582459,Mild,Moderate,Mild,Mild,Mild
"Hot in Cleveland",2010,tt1583607,Mild,,Moderate,Moderate,None
"No Ordinary Family",2010,tt1591493,Mild,Mild,Mild,Mild,Mild
Nikita,2010,tt1592154,Mild,Mild,Mild,Mild,Mild
Outsourced,2010,tt1593756,,,,,
"Blue Bloods",2010,tt1595859,Mild,Moderate,Mild,Mild,Mild
Hellcats,2010,tt1596356,None,,,,
"Melissa & Joey",2010,tt1597420,Mild,None,Mild,Mild,None
"Hawaii Five-0",2010,tt1600194,Mild,Moderate,None,Mild,Moderate
Victorious,2010,tt1604099,Mild,Mild,Mild,None,Mild
"Downton Abbey",2010,tt1606375,Mild,Mild,Mild,Mild,Mild
"Mike & Molly",2010,tt1608180,Moderate,None,Moderate,Moderate,None
"Raising Hope",2010,tt1615919,Mild,Mild,Mild,Mild,Mild
"Ugly Americans",2010,tt1621748,Moderate,Moderate,Moderate,None,
"The Avengers: Earth's Mightiest Heroes",2010,tt1626038,None,Mild,None,None,Mild
Conan,2010,tt1637574,Mild,Mild,Mild,Mild,None
"Angel Beats!",2010,tt1639109,Mild,Moderate,Mild,None,Moderate
"Young Justice",2010,tt1641384,Mild,Moderate,None,Mild,Moderate
"Scooby-Doo! Mystery Incorporated",2010,tt1660055,Mild,Mild,None,Mild,Moderate
"Shake It Up",2010,tt1661326,None,None,None,None,None
"Highschool of the Dead",2010,tt1685401,Moderate,Severe,Severe,Mild,Severe
"An Idiot Abroad",2010,tt1702042,Moderate,None,Moderate,None,None
"My Little Pony: Friendship Is Magic",2010,tt1751105,None,Mild,None,None,Mild
"Behzat Ç.: Bir Ankara Polisiyesi",2010,tt1795096,Mild,Mild,Moderate,Moderate,Mild
"The Great British Baking Show",2010,tt1877368,None,None,Mild,None,None
"The Nine Lives of Chloe King",2011,tt0499400,None,Moderate,Mild,Mild,None
"Game of Thrones",2011,tt0944947,Severe,Severe,Severe,Moderate,Severe
Alphas,2011,tt1183865,Mild,Moderate,Moderate,,Severe
"Falling Skies",2011,tt1462059,Mild,Moderate,Moderate,Mild,Moderate
"Bob's Burgers",2011,tt1561755,Mild,Mild,Mild,Mild,None
"Teen Wolf",2011,tt1567432,Mild,Moderate,Mild,Mild,Moderate
Episodes,2011,tt1582350,Moderate,None,Severe,Mild,
"The Borgias",2011,tt1582457,Severe,Severe,Moderate,Mild,
Shameless,2011,tt1586680,Severe,Moderate,Severe,Severe,Moderate
"Body of Proof",2011,tt1587669,Mild,Severe,,,Mild
"Happy Endings",2011,tt1587678,Mild,None,Moderate,Moderate,None
"Breakout Kings",2011,tt1590961,Mild,Moderate,Moderate,None,
"Being Human",2011,tt1595680,Mild,Severe,Mild,Moderate,Severe
"Franklin & Bash",2011,tt1600199,Mild,,Moderate,,
Workaholics,2011,tt1610527,Moderate,Mild,Severe,Severe,Mild
Suits,2011,tt1632701,Mild,Mild,Moderate,Moderate,None
"The Killing",2011,tt1637727,Moderate,Moderate,Moderate,Severe,Moderate
"Life's Too Short",2011,tt1641247,None,,Moderate,,
"Terra Nova",2011,tt1641349,None,Moderate,Mild,None,Mild
Awkward.,2011,tt1663676,Moderate,None,Moderate,Moderate,None
Camelot,2011,tt1672189,Moderate,Moderate,Mild,Severe,Mild
Vera,2011,tt1693592,Mild,Moderate,Mild,Mild,Mild
"Hell on Wheels",2011,tt1699748,Mild,Severe,Moderate,Moderate,Moderate
Wilfred,2011,tt1703925,Moderate,Mild,Severe,Severe,Moderate
"The Bridge",2011,tt1733785,Moderate,Moderate,Mild,Moderate,Moderate
Suburgatory,2011,tt1741256,Mild,,Mild,Mild,
"Switched at Birth",2011,tt1758772,Mild,Mild,Mild,Moderate,Mild
"The Hour",2011,tt1778108,Moderate,,,,
Portlandia,2011,tt1780441,Mild,None,Mild,Mild,None
Homeland,2011,tt1796960,Severe,Moderate,Moderate,Mild,Moderate
"The Lying Game",2011,tt1798274,Moderate,,,,
"Blue Exorcist",2011,tt1799631,Mild,Moderate,Moderate,Mild,Moderate
Ringer,2011,tt1819654,Mild,Moderate,Mild,Moderate,Mild
"Pan Am",2011,tt1826805,None,Mild,,,
"New Girl",2011,tt1826940,Moderate,None,Mild,Mild,None
"Last Man Standing",2011,tt1828327,None,None,Mild,Mild,
"Top Boy",2011,tt1830379,Moderate,Severe,Severe,Severe,Severe
"Austin & Ally",2011,tt1830491,None,None,None,None,None
Grimm,2011,tt1830617,Mild,Severe,Mild,Mild,Moderate
"Leyla and Mecnun",2011,tt1831164,Mild,Mild,Mild,None,Mild
"Hart of Dixie",2011,tt1832979,Mild,None,Mild,Mild,
Boss,2011,tt1833285,Severe,Mild,Severe,Moderate,Mild
Revenge,2011,tt1837642,Mild,Moderate,Mild,Moderate,Moderate
"The Secret Circle",2011,tt1837654,Mild,Moderate,Moderate,Moderate,Moderate
"The Voice",2011,tt1839337,None,None,Mild,None,None
"Person of Interest",2011,tt1839578,Mild,Moderate,Mild,Mild,Moderate
Unforgettable,2011,tt1842530,Mild,Moderate,None,,
"Once Upon a Time",2011,tt1843230,Mild,Mild,Mild,Mild,Mild
"American Horror Story",2011,tt1844624,Severe,Severe,Severe,Severe,Severe
"Friday Night Dinner",2011,tt1844923,Mild,None,Moderate,Mild,None
"2 Broke Girls",2011,tt1845307,Mild,None,Moderate,Moderate,None
"The Magnificent Century",2011,tt1848220,Mild,Moderate,None,Mild,Mild
Whitney,2011,tt1850458,,,,,
Jessie,2011,tt1865769,Mild,Mild,None,None,Mild
"Death in Paradise",2011,tt1888075,None,Mild,Mild,Mild,Mild
Undercover,2011,tt1909015,Moderate,Severe,Moderate,Severe,Moderate
"Deadman Wonderland",2011,tt1909447,Moderate,Severe,Severe,Mild,Severe
Steins;Gate,2011,tt1910272,Mild,Moderate,Mild,None,Moderate
"The Amazing World of Gumball",2011,tt1942683,Mild,Mild,Mild,None,Mild
"Gran Hotel",2011,tt2006421,Mild,Moderate,Mild,Mild,Mild
"The Client List",2011,tt2022170,Mild,Mild,Moderate,,Moderate
"Kuzey Güney",2011,tt2050064,Mild,Moderate,Severe,Mild,Severe
Fate/Zero,2011,tt2051178,Mild,Severe,Mild,Mild,Severe
"Fresh Meat",2011,tt2058303,Moderate,Mild,Severe,Severe,None
"The Future Diary",2011,tt2069441,Severe,Severe,Moderate,Mild,Severe
"Black Mirror",2011,tt2085059,Severe,Severe,Severe,Mild,Severe
"Hunter x Hunter",2011,tt2098220,Mild,Moderate,Mild,Mild,Severe
"Impractical Jokers",2011,tt2100976,Mild,None,Moderate,Mild,None
"The Filthy Frank Show",2011,tt4202274,Severe,Moderate,Severe,Moderate,Moderate
"The Legend of Korra",2012,tt1695360,None,Moderate,None,None,Moderate
Perception,2012,tt1714204,Mild,Mild,Moderate,Mild,Mild
"Ultimate Spider-Man",2012,tt1722512,None,Mild,None,None,Moderate
Dallas,2012,tt1723760,Mild,,,,
Girls,2012,tt1723816,Severe,Mild,Severe,Moderate,Mild
Alcatraz,2012,tt1728102,None,Moderate,,,
"Jane by Design",2012,tt1743904,,,,,
Veep,2012,tt1759761,Mild,Mild,Severe,Mild,None
"House of Lies",2012,tt1797404,Severe,Mild,Severe,Moderate,Mild
"Don't Trust the B---- in Apartment 23",2012,tt1819509,Mild,None,Mild,Moderate,None
Touch,2012,tt1821681,None,Moderate,,Mild,Severe
Smash,2012,tt1825133,Mild,,,Mild,
"Magic City",2012,tt1832045,Severe,Moderate,Moderate,Severe,Mild
Longmire,2012,tt1836037,Mild,Moderate,Mild,Moderate,Mild
"The River",2012,tt1836195,None,Mild,None,Mild,Moderate
Scandal,2012,tt1837576,Moderate,Moderate,Mild,Mild,Moderate
Awake,2012,tt1839683,Mild,Mild,Mild,Mild,Moderate
"Gravity Falls",2012,tt1865718,None,Mild,Mild,None,Moderate
"The Newsroom",2012,tt1870479,None,None,Moderate,Mild,Mild
"Teenage Mutant Ninja Turtles",2012,tt1877889,Mild,Moderate,Mild,None,Moderate
"Major Crimes",2012,tt1936532,None,Mild,Mild,Mild,Moderate
"The Finder",2012,tt1943524,Mild,Mild,Mild,Mild,Mild
Continuum,2012,tt1954347,Mild,Moderate,Mild,Mild,Mild
Lilyhammer,2012,tt1958961,Moderate,Moderate,Severe,Moderate,Severe
"Key and Peele",2012,tt1981558,Moderate,Mild,Moderate,Mild,None
"Call the Midwife",2012,tt1983079,None,Mild,None,Mild,Mild
"Anger Management",2012,tt1986770,Moderate,Mild,Mild,Mild,None
"Miss Fisher's Murder Mysteries",2012,tt1988386,Mild,Mild,Mild,Mild,Mild
Copper,2012,tt2006374,Mild,Moderate,Moderate,Moderate,Moderate
Brickleberry,2012,tt2022713,Severe,Severe,Severe,Severe,Mild
Revolution,2012,tt2070791,Mild,Moderate,Mild,Mild,Moderate
"The New Normal",2012,tt2087571,,,,,
"A Young Doctor's Notebook & Other Stories",2012,tt2164430,Moderate,Severe,Moderate,Severe,Severe
"Video Game High School",2012,tt2170584,Mild,Moderate,Moderate,Mild,Mild
"Last Resort",2012,tt2172103,Mild,Moderate,Mild,Mild,Moderate
Another,2012,tt2176165,None,Severe,Moderate,None,Severe
"Baby Daddy",2012,tt2177489,Mild,None,Mild,Moderate,
"Ripper Street",2012,tt2183641,Moderate,Severe,Moderate,Mild,
Elementary,2012,tt2191671,Mild,Moderate,Mild,Mild,
Arrow,2012,tt2193021,Mild,Moderate,Mild,Moderate,Moderate
"Beauty and the Beast",2012,tt2193041,Mild,Moderate,Mild,Mild,Moderate
"666 Park Avenue",2012,tt2197797,Mild,Severe,Mild,,
"The Mindy Project",2012,tt2211129,Moderate,None,Mild,Mild,None
"Duck Dynasty",2012,tt2229907,Mild,Mild,None,None,None
"High School DxD",2012,tt2230051,Severe,Moderate,Moderate,None,Moderate
"The Eric Andre Show",2012,tt2244495,Severe,Severe,Severe,Moderate,Moderate
"Sword Art Online",2012,tt2250192,Moderate,Moderate,Mild,Mild,Moderate
"Chicago Fire",2012,tt2261391,Mild,Moderate,Mild,Mild,Mild
"The Bletchley Circle",2012,tt2275990,Moderate,Moderate,Mild,Mild,Moderate
Nashville,2012,tt2281375,Mild,Mild,Mild,Moderate,Mild
"Go On",2012,tt2300923,,,,,
"Line of Duty",2012,tt2303687,Mild,Severe,Mild,Mild,Moderate
"Isler Güçler",2012,tt2311418,,,,,
"Comedians in Cars Getting Coffee",2012,tt2314952,None,None,Mild,None,None
"DreamWorks Dragons",2012,tt2325846,None,Mild,None,,Mild
"Bad Education",2012,tt2337840,Moderate,None,Moderate,Mild,None
"JoJo's Bizarre Adventure",2012,tt2359704,Moderate,Severe,Moderate,Moderate,Severe
Psycho-Pass,2012,tt2379308,Moderate,Severe,Moderate,Mild,Severe
"The Paradise",2012,tt2391224,Mild,Mild,None,Moderate,
"The Returned",2012,tt2521668,Severe,Severe,Mild,Moderate,Severe
Derek,2012,tt2616280,Mild,None,Moderate,Mild,Mild
Endeavour,2012,tt2701582,Mild,Moderate,Mild,Mild,Mild
"Under the Dome",2013,tt1553656,Moderate,Moderate,Mild,Moderate,Severe
"House of Cards",2013,tt1856010,Moderate,Mild,Moderate,Moderate,Moderate
Banshee,2013,tt2017109,Severe,Severe,Severe,Moderate,Severe
"The Carrie Diaries",2013,tt2056366,Mild,Mild,Moderate,Moderate,None
"The Following",2013,tt2071645,Mild,Severe,Mild,Moderate,Severe
"Da Vinci's Demons",2013,tt2094262,Severe,Severe,Moderate,Mild,Moderate
"Top of the Lake",2013,tt2103085,Moderate,Moderate,Severe,Moderate,
"Masters of Sex",2013,tt2137109,Severe,Mild,Mild,Mild,Mild
"The Americans",2013,tt2149175,Moderate,Moderate,Mild,Mild,Moderate
"Please Like Me",2013,tt2155025,Moderate,Mild,Moderate,Mild,Moderate
Rectify,2013,tt2183404,Moderate,Moderate,Moderate,Moderate,Moderate
"Bates Motel",2013,tt2188671,Moderate,Severe,Moderate,Moderate,Severe
Defiance,2013,tt2189221,Mild,Moderate,Mild,Mild,
"Father Brown",2013,tt2215842,Mild,Mild,Mild,Mild,Mild
"Devious Maids",2013,tt2226342,Mild,,,,
"Orphan Black",2013,tt2234222,Moderate,Severe,Moderate,Moderate,Moderate
Hannibal,2013,tt2243973,Mild,Severe,Mild,Mild,Severe
"Ray Donovan",2013,tt2249007,Severe,Severe,Severe,Severe,Moderate
Broadchurch,2013,tt2249364,Mild,Moderate,Moderate,Mild,Moderate
"The Fosters",2013,tt2262532,Mild,Mild,Mild,Mild,Mild
"Witches of East End",2013,tt2288064,Mild,Moderate,Moderate,Moderate,Moderate
"The Fall",2013,tt2294189,Severe,Moderate,Moderate,Moderate,Severe
Mistresses,2013,tt2295809,Mild,Mild,Mild,Mild,Mild
Dracula,2013,tt2296682,Moderate,Severe,None,Moderate,Severe
"Nathan for You",2013,tt2297757,Mild,None,Mild,Mild,None
Vikings,2013,tt2306299,Severe,Severe,Mild,Mild,Severe
"Hemlock Grove",2013,tt2309295,Severe,Severe,Moderate,Moderate,Severe
"Mr Selfridge",2013,tt2310212,Mild,Mild,Mild,Mild,None
"Agents of S.H.I.E.L.D.",2013,tt2364582,Mild,Moderate,Mild,Mild,Moderate
"Orange Is the New Black",2013,tt2372162,Severe,Moderate,Severe,Moderate,Moderate
"Hello Ladies",2013,tt2378794,Mild,Mild,Severe,Moderate,Moderate
Utopia,2013,tt2384811,Moderate,Severe,Severe,Mild,Severe
Graceland,2013,tt2393813,Moderate,Moderate,Mild,Severe,Moderate
Shetland,2013,tt2396135,None,Mild,Moderate,Mild,Mild
"The Bridge",2013,tt2406376,Mild,Severe,Moderate,Moderate,Moderate
"My Mad Fat Diary",2013,tt2407574,Moderate,Mild,Moderate,Moderate,Mild
"Crossing Lines",2013,tt2427220,Mild,Moderate,Moderate,Mild,
Wentworth,2013,tt2433738,Moderate,Severe,Severe,Severe,Severe
"Peaky Blinders",2013,tt2442560,Severe,Severe,Severe,Severe,Severe
"Brooklyn Nine-Nine",2013,tt2467372,Mild,Mild,Mild,Mild,Mild
"In the Flesh",2013,tt2480514,Mild,Moderate,Moderate,Mild,Moderate
"Sam & Cat",2013,tt2487090,None,Mild,Mild,None,Mild
"Attack on Titan",2013,tt2560140,None,Severe,Moderate,Mild,Severe
Hinterland,2013,tt2575968,Mild,Moderate,Mild,Mild,Mild
"Inside Amy Schumer",2013,tt2578508,Moderate,Mild,Moderate,None,Moderate
"The Originals",2013,tt2632424,Moderate,Moderate,Mild,Mild,Moderate
Hostages,2013,tt2647258,Moderate,,,,
"Sleepy Hollow",2013,tt2647544,None,Mild,Mild,Mild,Moderate
Resurrection,2013,tt2647586,Mild,,,,
"Almost Human",2013,tt2654580,Mild,Moderate,Mild,,
"The Tomorrow People",2013,tt2660734,Mild,Mild,Mild,None,None
Mom,2013,tt2660806,Mild,None,Mild,Moderate,None
Atlantis,2013,tt2705602,Mild,Mild,,None,
"The Crazy Ones",2013,tt2710104,,,,,
Reign,2013,tt2710394,Moderate,Moderate,Mild,Mild,Moderate
"Drunk History",2013,tt2712612,Mild,Mild,Moderate,Severe,Moderate
"The Goldbergs",2013,tt2712740,Mild,None,Mild,Mild,None
"The Blacklist",2013,tt2741602,Mild,Moderate,Mild,Mild,Moderate
"Teen Titans Go!",2013,tt2771780,Mild,Mild,Mild,None,Mild
"Once Upon a Time in Wonderland",2013,tt2802008,Mild,Moderate,Moderate,Moderate,Severe
"Rick and Morty",2013,tt2861424,Moderate,Severe,Severe,Severe,Moderate
"Steven Universe",2013,tt3061046,None,Mild,None,None,Moderate
"KILL la KILL",2013,tt3114390,Severe,Severe,Moderate,Mild,Moderate
Heirs,2013,tt3243098,Severe,,,,
"My Love from Another Star",2013,tt3469052,None,,,,
"Assassination Classroom",2013,tt3837246,Mild,Moderate,Mild,Mild,Moderate
Gomorrah,2014,tt2049116,Moderate,Severe,Severe,Severe,Severe
"Young & Hungry",2014,tt2084712,Moderate,Mild,Mild,Mild,
"Marco Polo",2014,tt2189461,Severe,Severe,Mild,Moderate,Moderate
"True Detective",2014,tt2356777,Severe,Severe,Severe,Severe,Severe
Bitten,2014,tt2365946,Moderate,Severe,Mild,Mild,Severe
"Black Sails",2014,tt2375692,Severe,Severe,Severe,Moderate,Severe
Legends,2014,tt2402137,Mild,Mild,Mild,Mild,
"The Last Ship",2014,tt2402207,None,Moderate,Mild,Mild,Moderate
"The Night Shift",2014,tt2477230,Mild,Severe,Mild,Mild,Moderate
"Halt and Catch Fire",2014,tt2543312,Mild,Mild,Mild,Mild,Mild
"TURN: Washington's Spies",2014,tt2543328,Moderate,Moderate,Mild,Mild,Mild
"Girl Meets World",2014,tt2543796,None,None,None,None,None
Tyrant,2014,tt2568204,Moderate,Severe,Mild,,Moderate
"Silicon Valley",2014,tt2575988,Mild,Mild,Severe,Moderate,None
"Broad City",2014,tt2578560,Moderate,None,Moderate,Severe,Mild
Looking,2014,tt2581458,Severe,None,Moderate,Mild,None
Believe,2014,tt2592094,None,Mild,Mild,None,Moderate
"Penny Dreadful",2014,tt2628232,Severe,Severe,Severe,Severe,Severe
"The Strain",2014,tt2654620,Mild,Severe,Moderate,Moderate,Severe
Star-Crossed,2014,tt2657262,Moderate,Moderate,Mild,Mild,Mild
"The 100",2014,tt2661044,Mild,Severe,Mild,Mild,Moderate
"Inside No. 9",2014,tt2674806,Mild,Moderate,Moderate,Mild,Moderate
Intelligence,2014,tt2693776,,,,,
"The Affair",2014,tt2699110,Severe,Moderate,Moderate,Moderate,Mild
"The Leftovers",2014,tt2699128,Severe,Severe,Severe,Moderate,Moderate
"The Musketeers",2014,tt2733252,Mild,Moderate,Mild,Mild,Mild
Helix,2014,tt2758950,Mild,Severe,Moderate,Moderate,Severe
Fargo,2014,tt2802850,Mild,Severe,Moderate,Mild,Severe
"Chicago P.D.",2014,tt2805096,Mild,Moderate,Mild,Moderate,Moderate
"When Calls the Heart",2014,tt2874692,None,None,None,Mild,Mild
"Star Wars: Rebels",2014,tt2930604,None,Mild,None,None,Mild
"The Knick",2014,tt2937900,Moderate,Severe,Moderate,Severe,Severe
Salem,2014,tt2963254,Moderate,Severe,Moderate,Moderate,Severe
Outlander,2014,tt3006802,Severe,Severe,Moderate,Mild,Moderate
Dominion,2014,tt3079768,Mild,Moderate,,Mild,Mild
"The Flash",2014,tt3107288,Mild,Mild,Mild,Mild,Mild
"Faking It",2014,tt3127020,Moderate,None,Mild,Mild,None
Extant,2014,tt3155320,None,Mild,Mild,Mild,Mild
"How to Get Away with Murder",2014,tt3205802,Moderate,Moderate,Mild,Moderate,Moderate
Noragami,2014,tt3225270,Mild,Moderate,Mild,Mild,Moderate
"You're the Worst",2014,tt3228420,Moderate,Mild,Severe,Severe,Mild
Power,2014,tt3281796,Severe,Severe,Severe,Severe,Moderate
"From Dusk Till Dawn: The Series",2014,tt3337194,Moderate,Severe,Moderate,Moderate,Severe
"Parasyte: The Maxim",2014,tt3358020,Moderate,Severe,Mild,Mild,Severe
"BoJack Horseman",2014,tt3398228,Moderate,Mild,Moderate,Severe,Severe
Haikyu!!,2014,tt3398540,None,None,Mild,Mild,None
"Happy Valley",2014,tt3428912,Moderate,Moderate,Moderate,Moderate,Moderate
"The Tonight Show Starring Jimmy Fallon",2014,tt3444938,Mild,Mild,Moderate,Moderate,None
Black-ish,2014,tt3487356,Mild,Mild,Mild,Mild,None
Forever,2014,tt3487382,None,Moderate,Mild,Mild,Moderate
Constantine,2014,tt3489184,Mild,Moderate,Mild,Mild,Moderate
"Madam Secretary",2014,tt3501074,None,Mild,Mild,Mild,Mild
"Mozart in the Jungle",2014,tt3502172,Moderate,Mild,Moderate,Moderate,None
Bosch,2014,tt3502248,Moderate,Moderate,Moderate,Moderate,Moderate
Transparent,2014,tt3502262,Severe,Mild,Severe,Moderate,Moderate
Scorpion,2014,tt3514324,None,None,None,None,None
"Last Week Tonight with John Oliver",2014,tt3530232,Mild,Mild,Severe,None,Mild
Selfie,2014,tt3549044,Mild,,None,Mild,None
"NCIS: New Orleans",2014,tt3560084,Mild,Moderate,Mild,Moderate,Moderate
Stalker,2014,tt3560094,,,,,
"Jane the Virgin",2014,tt3566726,Mild,Mild,Mild,Mild,Mild
"Red Band Society",2014,tt3576794,Mild,None,Mild,Mild,Mild
"The Librarians",2014,tt3663490,None,Mild,Mild,Mild,Mild
"Kardes Payi",2014,tt3671754,,,,,
Kingdom,2014,tt3673794,Severe,Severe,Severe,Severe,Moderate
"Akame ga Kill!",2014,tt3742982,Moderate,Severe,Mild,Mild,Severe
Grantchester,2014,tt3747572,Mild,Mild,Mild,Severe,Mild
Gotham,2014,tt3749900,Mild,Severe,Mild,Mild,Severe
"Z Nation",2014,tt3843168,Mild,Severe,Mild,Moderate,Severe
"The Missing",2014,tt3877200,Mild,Moderate,Mild,Moderate,Moderate
"Your Lie in April",2014,tt3895150,Mild,Mild,Mild,Mild,Moderate
"The Seven Deadly Sins",2014,tt3909224,Moderate,Moderate,Mild,Mild,Moderate
"Hand of God",2014,tt3973768,Moderate,Moderate,Moderate,Mild,Moderate
"Red Oaks",2014,tt3973820,Mild,None,Moderate,Moderate,None
Lovesick,2014,tt4051832,Moderate,None,Mild,Mild,None
Detectorists,2014,tt4082744,None,None,Moderate,Mild,None
"Permanent Roommates",2014,tt4156586,,,Moderate,,
Umbre,2014,tt4269716,Moderate,Moderate,Severe,Severe,Moderate
"Dirilis: Ertugrul",2014,tt4320258,None,Moderate,None,None,Mild
"We Bare Bears",2014,tt4839610,None,None,None,None,Mild
"Dirin Dirin",2015,tt11070216,None,None,None,,
"The Man in the High Castle",2015,tt1740299,Moderate,Severe,Moderate,Moderate,Moderate
"Jessica Jones",2015,tt2357547,Moderate,Moderate,Moderate,Moderate,Moderate
Sense8,2015,tt2431438,Severe,Moderate,Moderate,Moderate,Moderate
"Miraculous: Tales of Ladybug & Cat Noir",2015,tt2580046,None,Mild,None,None,Mild
"Wayward Pines",2015,tt2618986,Mild,Moderate,Mild,Mild,Severe
Narcos,2015,tt2707408,Severe,Severe,Severe,Severe,Severe
"Star vs. the Forces of Evil",2015,tt2758770,None,Mild,Mild,None,Mild
Ballers,2015,tt2891574,Severe,Mild,Severe,Moderate,None
"Better Call Saul",2015,tt3032476,Mild,Moderate,Moderate,Moderate,Moderate
"12 Monkeys",2015,tt3148266,Mild,Moderate,Moderate,Mild,Moderate
"The Brink",2015,tt3216586,Moderate,Mild,Mild,Moderate,Mild
Empire,2015,tt3228904,Mild,Moderate,Moderate,Severe,Moderate
"The Last Man on Earth",2015,tt3230454,Mild,Mild,Mild,Mild,Mild
"The Returned",2015,tt3230780,Mild,Severe,Mild,Severe,Severe
"The Expanse",2015,tt3230854,Moderate,Moderate,Moderate,Mild,Moderate
Zoo,2015,tt3250026,None,Moderate,Mild,Mild,Moderate
Younger,2015,tt3288518,Moderate,None,Mild,Moderate,None
Galavant,2015,tt3305096,Mild,Mild,Mild,Mild,None
UnREAL,2015,tt3314218,Moderate,None,Moderate,Moderate,Moderate
Daredevil,2015,tt3322312,Mild,Severe,Moderate,Mild,Severe
"Unbreakable Kimmy Schmidt",2015,tt3339966,Mild,None,Mild,Mild,None
"Agent Carter",2015,tt3475734,Mild,Moderate,Mild,Mild,Moderate
"The Whispers",2015,tt3487410,,,,,
Fortitude,2015,tt3498622,Severe,Severe,Severe,Moderate,Severe
iZombie,2015,tt3501584,Mild,Moderate,Mild,Mild,Mild
"Secrets and Lies",2015,tt3516878,,,,,
Bloodline,2015,tt3520702,Moderate,Moderate,Severe,Severe,Mild
"Schitt's Creek",2015,tt3526078,Mild,None,Moderate,Mild,None
"Fresh Off the Boat",2015,tt3551096,None,Mild,Mild,Mild,None
"CSI: Cyber",2015,tt3560060,Moderate,,,,
Trapped,2015,tt3561180,Moderate,Severe,Moderate,Mild,Mild
"The Royals",2015,tt3597912,Moderate,Mild,Moderate,Severe,Moderate
"Grace and Frankie",2015,tt3609352,Mild,None,Moderate,Moderate,None
Poldark,2015,tt3636060,Mild,Mild,Mild,Mild,Mild
"The Late Show with Stephen Colbert",2015,tt3697842,Moderate,None,Mild,Mild,None
"Fear the Walking Dead",2015,tt3743822,Mild,Severe,Mild,Mild,Severe
Aquarius,2015,tt3768572,Moderate,Moderate,Moderate,Severe,Moderate
Versailles,2015,tt3830558,Severe,Severe,Moderate,Mild,Moderate
"Into the Badlands",2015,tt3865236,Mild,Severe,Mild,Mild,Moderate
Stitchers,2015,tt3868848,Moderate,Moderate,Moderate,Mild,Moderate
"Good Witch",2015,tt3906732,None,None,None,None,None
"Scream: The TV Series",2015,tt3921180,Moderate,Severe,Mild,Mild,Severe
Killjoys,2015,tt3952222,Mild,Moderate,Mild,Mild,Mild
Supergirl,2015,tt4016454,Mild,Mild,Mild,Mild,Mild
"The Bureau",2015,tt4063800,Moderate,Moderate,Moderate,Mild,Moderate
"Crazy Ex-Girlfriend",2015,tt4094300,Mild,None,Mild,Mild,None
Humans,2015,tt4122068,Moderate,Moderate,Moderate,Mild,Mild
"Scream Queens",2015,tt4145384,Mild,Severe,Moderate,Mild,Moderate
"Mr. Robot",2015,tt4158110,Moderate,Severe,Severe,Severe,Severe
"Dark Matter",2015,tt4159076,Mild,Moderate,Mild,Mild,Moderate
"The Last Kingdom",2015,tt4179452,Moderate,Severe,Mild,Mild,Moderate
"Ash vs Evil Dead",2015,tt4189022,Moderate,Severe,Severe,Moderate,Severe
"Man Seeking Woman",2015,tt4189492,Mild,Moderate,Moderate,Moderate,Moderate
Glitch,2015,tt4192782,Moderate,Mild,Moderate,Mild,Moderate
Unforgotten,2015,tt4192812,Mild,Moderate,Moderate,Mild,Moderate
"The Frankenstein Chronicles",2015,tt4206804,Moderate,Severe,Mild,Mild,Moderate
"The Magicians",2015,tt4254242,Moderate,Moderate,Severe,Severe,Moderate
"Call My Agent!",2015,tt4277922,Mild,None,Mild,Mild,None
"The Late Late Show with James Corden",2015,tt4280606,Mild,None,Moderate,Mild,Severe
"Chef's Table",2015,tt4295140,None,None,Mild,,None
"F Is for Family",2015,tt4326894,Severe,Severe,Severe,Severe,Moderate
Catastrophe,2015,tt4374208,Moderate,,Severe,,
"Life in Pieces",2015,tt4384086,Mild,None,Mild,,
Limitless,2015,tt4422836,Mild,Mild,Mild,Severe,Mild
Quantico,2015,tt4428122,Mild,Moderate,Mild,Mild,Moderate
"Code Black",2015,tt4452630,Mild,Moderate,Mild,Moderate,Severe
Blindspot,2015,tt4474344,Mild,Moderate,Mild,Mild,Moderate
Superstore,2015,tt4477976,Mild,Mild,Mild,Mild,None
"One Punch Man",2015,tt4508902,Mild,Moderate,Mild,Mild,Mild
"Vis a vis",2015,tt4524056,Severe,Severe,Moderate,Severe,Moderate
Fauda,2015,tt4565380,Moderate,Moderate,Moderate,Moderate,Severe
"Doctor Foster: A Woman Scorned",2015,tt4602768,Moderate,Mild,Moderate,Mild,Mild
"Master of None",2015,tt4635276,Moderate,None,Moderate,Mild,None
"Dragon Ball Super",2015,tt4644488,Mild,Mild,Mild,None,Moderate
"Chicago Med",2015,tt4655480,Mild,Moderate,Mild,Mild,Moderate
Patriot,2015,tt4687882,Moderate,Moderate,Severe,Moderate,Moderate
"Food Wars",2015,tt4731072,Moderate,None,Mild,Mild,None
Baked,2015,tt4775018,,,,,
"Critical Role",2015,tt4834232,Mild,Mild,Moderate,Mild,Moderate
Overlord,2015,tt4869896,Mild,Moderate,Mild,None,Moderate
Taskmaster,2015,tt4934214,Mild,None,Moderate,None,None
"Sneaky Pete",2015,tt5011816,Moderate,Mild,Severe,Mild,Mild
"Making a Murderer",2015,tt5189670,Mild,Mild,Moderate,,Moderate
Skam,2015,tt5288312,Moderate,Mild,Mild,Moderate,Mild
Shahrzad,2015,tt5332732,None,Moderate,Mild,Moderate,Mild
"Content Cop",2015,tt6111552,Mild,Mild,Severe,Mild,Mild
Westworld,2016,tt0475784,Severe,Severe,Severe,Moderate,Moderate
"The Shannara Chronicles",2016,tt1051220,Mild,Severe,Mild,Mild,Mild
"Queen of the South",2016,tt1064899,Mild,Severe,Severe,Severe,Severe
MacGyver,2016,tt1399045,None,Moderate,Mild,Mild,Mild
"Trollhunters: Tales of Arcadia",2016,tt1734135,None,Moderate,Mild,Mild,Moderate
"American Crime Story",2016,tt2788432,Moderate,Severe,Severe,Moderate,Severe
Quarry,2016,tt2980696,Moderate,Severe,Moderate,Severe,Severe
Vinyl,2016,tt3186130,Moderate,Moderate,Severe,Severe,Moderate
"Luke Cage",2016,tt3322314,Moderate,Severe,Moderate,Moderate,Moderate
Baskets,2016,tt3468798,Mild,Mild,Mild,Moderate,Mild
"Emerald City",2016,tt3579018,Mild,Mild,Mild,Moderate,Severe
"Vice Principals",2016,tt3766376,Moderate,Moderate,Severe,Moderate,Mild
"The Girlfriend Experience",2016,tt3846642,Severe,Moderate,Moderate,Mild,Mild
"Fuller House",2016,tt3986586,Mild,None,Mild,Mild,None
"Dirk Gently's Holistic Detective Agency",2016,tt4047038,Mild,Moderate,Mild,Mild,Mild
Lucifer,2016,tt4052886,Mild,Mild,Mild,Moderate,Mild
Love,2016,tt4061080,Moderate,None,Severe,Moderate,None
"Shades of Blue",2016,tt4118584,Moderate,Moderate,Mild,Mild,Severe
Shadowhunters,2016,tt4145054,Mild,Moderate,None,Mild,Moderate
Shooter,2016,tt4181172,Mild,Severe,Moderate,Mild,Moderate
Colony,2016,tt4209256,Mild,Moderate,Moderate,,Moderate
Outcast,2016,tt4229954,Moderate,Severe,Moderate,,Severe
Billions,2016,tt4270492,Moderate,None,Severe,Moderate,None
Atlanta,2016,tt4288182,Mild,Moderate,Severe,Moderate,Moderate
"Better Things",2016,tt4370596,Mild,None,Severe,Moderate,None
"Second Chance",2016,tt4378456,Mild,Moderate,,,
"The Catch",2016,tt4396862,Mild,,,,
Containment,2016,tt4421578,Mild,,,,
"DC's Legends of Tomorrow",2016,tt4532368,Mild,Moderate,Mild,Mild,Mild
"Stranger Things",2016,tt4574334,Mild,Moderate,Moderate,Mild,Moderate
"The Get Down",2016,tt4592410,Mild,Moderate,Moderate,Severe,Mild
"The OA",2016,tt4635282,Moderate,Moderate,Moderate,Mild,Moderate
Letterkenny,2016,tt4647692,Mild,Mild,Severe,Severe,None
Slasher,2016,tt4667888,Severe,Severe,Severe,Moderate,Severe
Frontier,2016,tt4686698,Moderate,Severe,Moderate,Mild,Moderate
Goliath,2016,tt4687880,Moderate,Moderate,Severe,Severe,Moderate
"The Crown",2016,tt4786824,Moderate,Mild,Mild,Mild,Mild
"Channel Zero",2016,tt4820370,Mild,Severe,Moderate,Mild,Severe
"Good Behavior",2016,tt4855114,,,,,
BrainDead,2016,tt4877736,Mild,Severe,,,
"Wynonna Earp",2016,tt4878326,Mild,Moderate,Moderate,Moderate,Moderate
3%,2016,tt4922804,Mild,Moderate,Moderate,Mild,Moderate
"Descendants of the Sun",2016,tt4925000,None,Mild,Mild,,
Bordertown,2016,tt4937942,Moderate,Moderate,Mild,Moderate,Moderate
Mars,2016,tt4939064,None,Mild,Mild,Mild,Moderate
"The Good Place",2016,tt4955642,Mild,Mild,Mild,Mild,None
Flaked,2016,tt4973548,Moderate,,Mild,Moderate,
"The Ranch",2016,tt4998212,Mild,None,Severe,Moderate,None
"The Durrells",2016,tt5014882,Mild,Mild,Mild,Mild,Mild
Preacher,2016,tt5016504,Moderate,Severe,Moderate,Severe,Severe
Insecure,2016,tt5024912,Severe,None,Severe,Moderate,None
StartUp,2016,tt5028002,Moderate,Moderate,Moderate,Moderate,Moderate
Medici,2016,tt5057130,Moderate,Moderate,Mild,Mild,Mild
Victoria,2016,tt5137338,Mild,None,None,Mild,Mild
"Lethal Weapon",2016,tt5164196,Mild,Moderate,Mild,Moderate,Moderate
"You Me Her",2016,tt5179408,Mild,None,Mild,Moderate,None
"Van Helsing",2016,tt5197820,Mild,Severe,Moderate,Mild,Severe
Marcella,2016,tt5269594,Moderate,Moderate,Moderate,Mild,Severe
Crashing,2016,tt5295524,Moderate,,,Moderate,None
"Designated Survivor",2016,tt5296406,Moderate,Mild,Moderate,Mild,Mild
"24: Legacy",2016,tt5345490,Mild,Moderate,Mild,Mild,Mild
"The Exorcist",2016,tt5368542,Mild,Severe,Moderate,Mild,Severe
"Konosuba: God's Blessing on This Wonderful World!",2016,tt5370118,Moderate,Mild,Mild,Mild,None
"Search Party",2016,tt5460226,Mild,Moderate,Moderate,Mild,Moderate
Timeless,2016,tt5511582,Mild,Moderate,Mild,Mild,Mild
Frequency,2016,tt5531470,Mild,Moderate,,,
"Man with a Plan",2016,tt5536400,Mild,None,Mild,Mild,None
"The Tick",2016,tt5540054,Mild,Moderate,Moderate,Mild,Moderate
"This Is Us",2016,tt5555260,Mild,None,Mild,Mild,Mild
Easy,2016,tt5562056,Severe,None,Moderate,Moderate,None
"Animal Kingdom",2016,tt5574490,Moderate,Moderate,Moderate,Severe,Moderate
"Re: Zero, Starting Life in Another World",2016,tt5607616,Mild,Severe,Moderate,None,Severe
Chance,2016,tt5620076,Moderate,Moderate,Moderate,Mild,Moderate
"My Hero Academia",2016,tt5626028,Mild,Moderate,Mild,None,Moderate
Travelers,2016,tt5651844,Mild,Mild,Moderate,Moderate,Mild
Fleabag,2016,tt5687612,Moderate,Mild,Severe,Moderate,Mild
"The Grand Tour",2016,tt5712554,Mild,Mild,Moderate,Mild,None
W,2016,tt5797194,None,Moderate,None,,Moderate
Bull,2016,tt5827228,Mild,Mild,Moderate,Mild,Mild
"Mob Psycho 100",2016,tt5897304,Mild,Moderate,Mild,None,Moderate
Vikingane,2016,tt5905354,Moderate,Severe,Mild,Mild,Mild
"Kim's Convenience",2016,tt5912064,Mild,None,Mild,Mild,None
"Guardian: The Lonely and Great God",2016,tt5994364,None,Mild,,,
"Içerde",2016,tt6051216,None,Moderate,Moderate,Mild,Mild
"Inside Look: The People v. O.J. Simpson - American Crime Story",2016,tt6205862,,,,,
Runaways,2017,tt1236246,Mild,Mild,Moderate,Mild,Mild
"13 Reasons Why",2017,tt1837492,Severe,Severe,Severe,Severe,Severe
"American Gods",2017,tt1898069,Severe,Severe,Severe,Moderate,Moderate
Happy!,2017,tt2452242,Moderate,Severe,Severe,Severe,Severe
"Iron Fist",2017,tt3322310,Mild,Severe,Mild,Moderate,Mild
Taboo,2017,tt3647998,Moderate,Severe,Moderate,Moderate,Moderate
"Big Little Lies",2017,tt3920596,Severe,Moderate,Moderate,Mild,Moderate
"Twin Peaks",2017,tt4093826,Moderate,Severe,Severe,Moderate,Severe
Inhumans,2017,tt4154858,Moderate,Mild,Mild,None,Mild
"C.B. Strike",2017,tt4276618,Mild,Moderate,Moderate,Moderate,Moderate
"Mr. Mercedes",2017,tt4354880,Moderate,Severe,Severe,Moderate,Severe
"Babylon Berlin",2017,tt4378376,Moderate,Moderate,Mild,Moderate,Mild
"The Gifted",2017,tt4396630,None,Mild,Mild,Mild,Mild
Knightfall,2017,tt4555364,Mild,Moderate,Mild,Mild,Mild
"Tin Star",2017,tt4607112,Moderate,Severe,Severe,Moderate,Moderate
Counterpart,2017,tt4643084,Moderate,Moderate,Moderate,Mild,Moderate
"A Series of Unfortunate Events",2017,tt4834206,None,Mild,Mild,Mild,Moderate
"Future Man",2017,tt4975856,Moderate,Moderate,Severe,Moderate,Mild
"The Deuce",2017,tt4998350,Severe,Moderate,Severe,Severe,Mild
Taken,2017,tt5052460,Mild,Moderate,Mild,Moderate,Moderate
Ozark,2017,tt5071412,Severe,Severe,Severe,Severe,Severe
Legion,2017,tt5114356,Moderate,Moderate,Mild,Moderate,Severe
"Star Trek: Discovery",2017,tt5171438,Mild,Moderate,Moderate,None,Moderate
Imposters,2017,tt5212822,Mild,Moderate,Severe,,
Mindhunter,2017,tt5290382,Severe,Severe,Moderate,Mild,Moderate
"One Day at a Time",2017,tt5339440,Mild,None,Mild,Mild,None
Riverdale,2017,tt5420376,Moderate,Moderate,Mild,Moderate,Moderate
"Anne with an E",2017,tt5421602,Mild,Mild,None,Mild,Mild
"Midnight, Texas",2017,tt5464086,,,,,
Gypsy,2017,tt5503718,Moderate,None,Mild,Moderate,None
DuckTales,2017,tt5531466,None,Mild,None,None,Mild
Six,2017,tt5541338,Moderate,Severe,Severe,,
"Friends from College",2017,tt5565334,Severe,Mild,Mild,,
"Santa Clarita Diet",2017,tt5580540,Mild,Severe,Severe,Mild,Moderate
Cardinal,2017,tt5583512,Mild,Severe,Mild,Mild,Severe
Manhunt,2017,tt5618256,None,Moderate,Mild,Mild,Mild
"The Mick",2017,tt5638056,Mild,Moderate,Moderate,Moderate,None
"The Mist",2017,tt5639976,Moderate,Severe,Moderate,Mild,Moderate
Genius,2017,tt5673782,Moderate,Moderate,Mild,Mild,Mild
"Cable Girls",2017,tt5674718,Moderate,Mild,Mild,Moderate,Mild
"The Punisher",2017,tt5675620,Moderate,Severe,Moderate,Mild,Severe
"The Orville",2017,tt5691552,Mild,Mild,Mild,Mild,Mild
Girlboss,2017,tt5706996,Moderate,None,Severe,Moderate,None
"Dear White People",2017,tt5707802,Moderate,Severe,Moderate,Moderate,Moderate
"Electric Dreams",2017,tt5711280,Moderate,Moderate,Moderate,Mild,Mild
Dark,2017,tt5753856,Moderate,Moderate,Moderate,Mild,Moderate
GLOW,2017,tt5770786,Moderate,Mild,Severe,Moderate,None
"The Marvelous Mrs. Maisel",2017,tt5788792,Moderate,Mild,Severe,Moderate,None
"The Handmaid's Tale",2017,tt5834204,Severe,Severe,Moderate,Mild,Severe
"The Good Fight",2017,tt5853176,Moderate,Moderate,Moderate,Mild,Mild
Disjointed,2017,tt5884792,Mild,Mild,Moderate,Severe,
Britannia,2017,tt5932548,Moderate,Severe,Severe,Mild,Moderate
"White Gold",2017,tt6010920,Moderate,Mild,Severe,Severe,Mild
Liar,2017,tt6021284,Mild,Mild,Mild,Moderate,Moderate
"Black Lightning",2017,tt6045840,Mild,Moderate,Mild,Moderate,Mild
"The Sinner",2017,tt6048596,Moderate,Moderate,Moderate,Moderate,Severe
"Black Sun",2017,tt6108262,Severe,Severe,,Moderate,Moderate
S.W.A.T.,2017,tt6111130,Mild,Moderate,Mild,Mild,Moderate
"Inside Edge",2017,tt6112414,Moderate,Mild,Severe,Severe,
"The Bold Type",2017,tt6116060,Moderate,None,Mild,Moderate,None
Dynasty,2017,tt6128300,Mild,Mild,Mild,Mild,Mild
"Workin' Moms",2017,tt6143796,Moderate,None,Moderate,Moderate,None
Salvation,2017,tt6170874,Mild,Mild,Mild,,
"Young Sheldon",2017,tt6226232,Mild,None,Mild,Mild,None
"The End of the F***ing World",2017,tt6257970,Moderate,Severe,Severe,Moderate,Moderate
"Strong Girl Bong-soon",2017,tt6263222,None,Moderate,Mild,Moderate,Moderate
Atypical,2017,tt6315640,Mild,None,Mild,Mild,None
"Boruto: Naruto Next Generations",2017,tt6342474,None,Moderate,Mild,Mild,Moderate
"Bad Blood",2017,tt6423364,Mild,Severe,Moderate,Moderate,Moderate
Snowfall,2017,tt6439752,Severe,Severe,Severe,Severe,Severe
"Money Heist",2017,tt6468322,Moderate,Moderate,Moderate,Mild,Moderate
"The Good Doctor",2017,tt6470478,Mild,Moderate,Mild,Mild,Mild
"SEAL Team",2017,tt6473344,Mild,Severe,Moderate,Mild,Mild
Castlevania,2017,tt6517102,Moderate,Severe,Severe,Mild,Severe
"Black Spot",2017,tt6519410,Mild,Moderate,,Mild,
"Big Mouth",2017,tt6524350,Severe,Mild,Severe,Mild,None
"Payitaht Abdülhamid",2017,tt6536562,None,Moderate,Moderate,Mild,Mild
"El Chapo",2017,tt6692188,Severe,Moderate,Mild,Severe,Severe
Fi,2017,tt6724368,Moderate,,,,
Absentia,2017,tt6794990,Moderate,Moderate,Mild,Mild,Moderate
"American Vandal",2017,tt6877772,Moderate,None,Moderate,Moderate,None
Kakegurui,2017,tt7131720,Moderate,Moderate,Mild,None,Mild
"Suburra: Blood on Rome",2017,tt7197684,Moderate,Severe,Severe,Moderate,Moderate
"Made in Abyss",2017,tt7222086,Moderate,Severe,Mild,None,Severe
"Çukur",2017,tt7431994,Mild,Moderate,Moderate,Mild,Severe
"Black Clover",2017,tt7441658,Mild,Moderate,Mild,Mild,Mild
Koombiyo,2017,tt7450814,None,Moderate,Mild,Mild,Moderate
"Inside Look: The Assassination of Gianni Versace - American Crime Story",2017,tt8010592,,,,,
"The Chosen",2017,tt9471404,None,None,None,None,Mild
Titans,2018,tt1043813,Moderate,Severe,Severe,Mild,Moderate
"A Discovery of Witches",2018,tt2177461,Mild,Moderate,Mild,Mild,Moderate
"Altered Carbon",2018,tt2261227,Severe,Severe,Moderate,Moderate,Moderate
"The Terror",2018,tt2708480,Mild,Severe,Mild,Mild,Severe
Yellowstone,2018,tt4236770,Moderate,Moderate,Moderate,Mild,Mild
Krypton,2018,tt4276624,Mild,Moderate,Mild,Mild,Moderate
"The Alienist",2018,tt4604612,Moderate,Severe,Mild,Moderate,Severe
"Tom Clancy's Jack Ryan",2018,tt5057054,Moderate,Severe,Severe,Mild,Severe
"Troy: Fall of a City",2018,tt5103758,Moderate,Moderate,Moderate,,Severe
"Lost in Space",2018,tt5232792,None,Mild,Mild,None,Mild
Barry,2018,tt5348176,Mild,Severe,Severe,Mild,Moderate
Disenchantment,2018,tt5363918,Mild,Moderate,Mild,Moderate,Mild
"Cloak & Dagger",2018,tt5614844,Mild,Mild,Mild,Moderate,Moderate
Siren,2018,tt5615700,Mild,Mild,None,Mild,Mild
"Mayans M.C.",2018,tt5715524,Moderate,Severe,Severe,Moderate,Severe
"Deadly Class",2018,tt5924572,Moderate,Severe,Severe,Severe,Moderate
"Sacred Games",2018,tt6077448,Severe,Severe,Severe,Severe,Severe
"The Purge",2018,tt6110648,Mild,Severe,Moderate,Mild,Severe
McMafia,2018,tt6271042,Mild,Moderate,Moderate,Mild,None
"Final Space",2018,tt6317068,Mild,Moderate,Mild,Mild,Moderate
Hilda,2018,tt6385540,None,Mild,None,None,Mild
Charmed,2018,tt6394324,Mild,Mild,Mild,Mild,Moderate
"A.P. Bio",2018,tt6461726,Mild,Mild,Mild,Mild,None
Breathe,2018,tt6466208,Mild,Moderate,Moderate,Moderate,Moderate
Mirzapur,2018,tt6473300,Moderate,Severe,Severe,Severe,Severe
"Good Girls",2018,tt6474378,Mild,Moderate,Mild,Moderate,Mild
"The Resident",2018,tt6483832,Mild,Moderate,Mild,Mild,Mild
Insatiable,2018,tt6487482,Mild,Moderate,Moderate,Moderate,Moderate
Condor,2018,tt6510950,Moderate,Moderate,Moderate,Mild,Mild
"Castle Rock",2018,tt6548228,Moderate,Severe,Moderate,Mild,Severe
Karppi,2018,tt6616260,None,Moderate,Moderate,Moderate,Mild
"The Rain",2018,tt6656238,Moderate,Moderate,Moderate,Mild,Moderate
"Dogs of Berlin",2018,tt6839788,Severe,Severe,Severe,Severe,Moderate
"The Mechanism",2018,tt6873658,Moderate,Mild,Severe,Mild,None
Nightflyers,2018,tt6903284,Mild,Moderate,Mild,Mild,Moderate
Homecoming,2018,tt7008682,Mild,Mild,Moderate,Mild,Moderate
"Killing Eve",2018,tt7016936,Mild,Severe,Mild,Mild,Moderate
"Station 19",2018,tt7053188,Mild,Moderate,Mild,Mild,Moderate
"Everything Sucks!",2018,tt7078710,Moderate,None,Mild,Moderate,None
"Derry Girls",2018,tt7120662,None,None,Moderate,Mild,None
Elite,2018,tt7134908,Severe,Mild,Moderate,Severe,Mild
"Cobra Kai",2018,tt7221388,Mild,Moderate,Moderate,Moderate,Mild
9-1-1,2018,tt7235466,Mild,Moderate,Mild,Mild,Moderate
"The Kominsky Method",2018,tt7255502,Mild,None,Moderate,Mild,None
"Queer Eye",2018,tt7259746,None,None,Mild,Mild,None
"My Brilliant Friend",2018,tt7278862,Moderate,Moderate,Mild,Mild,Moderate
You,2018,tt7335184,Moderate,Moderate,Moderate,Moderate,Moderate
Kidding,2018,tt7375404,Moderate,Mild,Moderate,Moderate,Mild
"All American",2018,tt7414406,Mild,Moderate,Mild,Moderate,Mild
"Mr Inbetween",2018,tt7472896,Moderate,Severe,Severe,Mild,Moderate
FBI,2018,tt7491982,None,Moderate,Mild,Mild,Moderate
Pose,2018,tt7562112,Moderate,Mild,Severe,Severe,Mild
"Chilling Adventures of Sabrina",2018,tt7569592,Mild,Moderate,Mild,Mild,Severe
"The Rookie",2018,tt7587890,Mild,Moderate,Mild,Moderate,Mild
"A Million Little Things",2018,tt7608248,Mild,None,Mild,Mild,Mild
Baby,2018,tt7645192,Severe,Mild,Moderate,Severe,Mild
Succession,2018,tt7660850,Moderate,Mild,Severe,Moderate,None
"The Protector",2018,tt7668518,Mild,Mild,Moderate,Mild,Mild
Bluey,2018,tt7678620,None,None,None,None,None
Bonding,2018,tt7718088,Moderate,Mild,Severe,Moderate,Mild
"She-Ra and the Princesses of Power",2018,tt7745956,None,Mild,None,None,Mild
"New Amsterdam",2018,tt7817340,Mild,Moderate,Mild,Moderate,Moderate
"Darling in the Franxx",2018,tt7865090,Moderate,Moderate,Mild,None,Moderate
"On My Block",2018,tt7879820,Mild,Moderate,Moderate,Moderate,Mild
Flames,2018,tt7927936,None,None,Mild,None,None
"Magnum P.I.",2018,tt7942796,None,Mild,Mild,Mild,Mild
"Dirty John",2018,tt7945720,Mild,Mild,Mild,Mild,Moderate
Legacies,2018,tt8103070,Mild,Moderate,Mild,Mild,Mild
"Tokyo Ghoul: re",2018,tt8213522,Moderate,Severe,Moderate,Mild,Severe
"Paradise PD",2018,tt8235236,Severe,Severe,Severe,Severe,Severe
"What's Wrong with Secretary Kim",2018,tt8242904,Mild,None,,Mild,None
"Broken But Beautiful",2018,tt8317568,None,None,Mild,Mild,None
Apharan,2018,tt8392006,Mild,Moderate,Severe,Moderate,Moderate
Manifest,2018,tt8421350,Mild,Mild,Mild,Mild,Mild
"The Conners",2018,tt8595140,Mild,None,Mild,Mild,Mild
"Yeh Meri Family",2018,tt8595766,None,None,None,None,None
"Who Is America?",2018,tt8679236,Moderate,Mild,Severe,Mild,None
"The Dragon Prince",2018,tt8688814,None,Mild,None,None,Mild
"Narcos: Mexico",2018,tt8714904,Severe,Severe,Severe,Severe,Severe
"College Romance",2018,tt8809646,Mild,None,Severe,Mild,None
"Car Masters: Rust to Riches",2018,tt8893550,,,,,
"Rascal Does Not Dream of Bunny Girl Senpai",2018,tt8993398,Mild,Mild,Mild,None,None
SideHero,2018,tt9031094,Mild,,,,
"That Time I Got Reincarnated as a Slime",2018,tt9054364,Moderate,Moderate,Mild,Mild,Mild
Smoke,2018,tt9077626,,,,,
"Pew News",2018,tt9566030,None,None,None,None,None
"Carnival Row",2019,tt0489974,Severe,Severe,Severe,Mild,Moderate
"I Think You Should Leave with Tim Robinson",2019,tt10050772,Mild,Mild,Severe,Mild,None
"Home for Christmas",2019,tt10069398,Moderate,None,Mild,Moderate,None
"The Gift",2019,tt10075318,Moderate,Mild,Mild,Mild,Mild
"Vinland Saga",2019,tt10233448,Mild,Severe,Mild,Mild,Severe
Stumptown,2019,tt10313066,Mild,Moderate,,Moderate,Mild
"Prodigal Son",2019,tt10327354,Mild,Severe,Mild,Mild,Severe
Primal,2019,tt10332508,None,Severe,None,None,Moderate
Gullak,2019,tt10530900,None,None,None,Mild,None
"The Passage",2019,tt1074206,Mild,Moderate,Moderate,Mild,Moderate
"Crash Landing on You",2019,tt10850932,None,Mild,Mild,Mild,Mild
Marianne,2019,tt10875696,Moderate,Severe,Moderate,Moderate,Severe
Beastars,2019,tt11043632,Moderate,Moderate,Mild,Mild,Moderate
"Kurulus: Osman",2019,tt11093718,None,Mild,None,None,Moderate
Queen,2019,tt11393148,None,Mild,Mild,Moderate,None
"Hostel Daze",2019,tt11407524,Mild,None,Severe,Mild,None
"The Boys",2019,tt1190634,Severe,Severe,Severe,Moderate,Severe
"The Umbrella Academy",2019,tt1312171,Mild,Moderate,Mild,Moderate,Mild
"Good Omens",2019,tt1869454,Mild,Mild,Mild,Mild,Mild
"The Twilight Zone",2019,tt2583620,Mild,Moderate,Severe,Mild,Moderate
Sugarland,2019,tt4057372,None,None,,None,None
"The Witcher",2019,tt5180504,Severe,Severe,Moderate,Mild,Moderate
"His Dark Materials",2019,tt5607976,None,Mild,Mild,Mild,Mild
Warrior,2019,tt5743796,Severe,Severe,Severe,Moderate,Moderate
"Made in Heaven",2019,tt6494622,Moderate,None,Moderate,Severe,None
Kingdom,2019,tt6611916,None,Severe,None,None,Severe
"Project Blue Book",2019,tt6632666,Mild,Moderate,Mild,Mild,Moderate
"The Dark Crystal: Age of Resistance",2019,tt6905542,None,Moderate,None,None,Moderate
Hanna,2019,tt6932244,Mild,Moderate,Moderate,Mild,Moderate
"City on a Hill",2019,tt7187044,Moderate,Moderate,Severe,Moderate,Moderate
"The Morning Show",2019,tt7203552,Mild,None,Severe,Mild,Mild
"Gentleman Jack",2019,tt7211618,Moderate,Mild,Mild,Mild,Mild
Undercover,2019,tt7263154,Mild,Mild,Moderate,Moderate,Mild
V-Wars,2019,tt7403736,Mild,Severe,Moderate,,Moderate
"The Widow",2019,tt7459986,Mild,Moderate,Moderate,Mild,Moderate
"Russian Doll",2019,tt7520794,Moderate,Moderate,Severe,Severe,Mild
"Miracle Workers",2019,tt7529770,Mild,Mild,Mild,Mild,Mild
"Roswell, New Mexico",2019,tt7588054,Mild,Moderate,Mild,Mild,Mild
Ramy,2019,tt7649694,Moderate,None,Severe,Mild,
"Harley Quinn",2019,tt7658402,Mild,Severe,Severe,Moderate,Moderate
Wayne,2019,tt7765404,Mild,Severe,Severe,Moderate,Moderate
"Sex Education",2019,tt7767422,Severe,Mild,Severe,Moderate,Mild
"Dublin Murders",2019,tt7768192,Mild,Moderate,Mild,Moderate,Moderate
"For All Mankind",2019,tt7772588,Mild,Mild,Moderate,Moderate,Mild
"In the Dark",2019,tt7772602,Moderate,Moderate,Moderate,Moderate,Moderate
"Truth Be Told",2019,tt7821582,Mild,Moderate,Moderate,Mild,Moderate
"Raising Dion",2019,tt7826108,Mild,Mild,Mild,Mild,Mild
"What We Do in the Shadows",2019,tt7908628,Moderate,Moderate,Moderate,Mild,Mild
See,2019,tt7949218,Moderate,Severe,Moderate,None,Moderate
"The Politician",2019,tt7971476,Moderate,Mild,Mild,Mild,Mild
Giri/Haji,2019,tt8001106,Moderate,Severe,Moderate,Severe,Moderate
"Dead to Me",2019,tt8064302,Mild,Mild,Severe,Moderate,Mild
Servant,2019,tt8068860,Mild,Moderate,Moderate,Mild,Moderate
"Bard of Blood",2019,tt8069036,Mild,Severe,,,Moderate
"Godfather of Harlem",2019,tt8080122,Moderate,Severe,Severe,Severe,Moderate
Undone,2019,tt8101850,Mild,Moderate,Moderate,Mild,Moderate
"The Mandalorian",2019,tt8111088,None,Moderate,None,None,Moderate
"The Capture",2019,tt8201186,Mild,Moderate,Moderate,Mild,Mild
"Four More Shots Please",2019,tt8242548,Moderate,None,Severe,Severe,None
Treadstone,2019,tt8289480,Mild,Moderate,Severe,Mild,Moderate
"Formula 1: Drive to Survive",2019,tt8289930,None,Mild,Severe,None,Mild
"The Order",2019,tt8295472,Mild,Moderate,Moderate,Moderate,Mild
PEN15,2019,tt8324422,Moderate,None,Severe,Moderate,None
Beforeigners,2019,tt8332130,Moderate,Moderate,,Moderate,
"Swamp Thing",2019,tt8362852,Mild,Severe,Moderate,Moderate,Severe
"Another Life",2019,tt8369840,Mild,Moderate,Severe,Mild,Mild
"After Life",2019,tt8398600,Mild,Mild,Severe,Moderate,Mild
"Doom Patrol",2019,tt8416494,Moderate,Severe,Severe,Mild,Moderate
Pennyworth,2019,tt8425532,Moderate,Severe,Severe,Mild,Moderate
Dickinson,2019,tt8518136,Moderate,None,Mild,Mild,None
"Modern Love",2019,tt8543390,Mild,None,Moderate,Mild,None
Ghosts,2019,tt8594324,Mild,Mild,Mild,Mild,Mild
"The Righteous Gemstones",2019,tt8634332,Severe,Moderate,Severe,Moderate,Mild
"Wu Assassins",2019,tt8652642,None,Moderate,Moderate,Mild,Mild
Sanditon,2019,tt8685324,Mild,None,,Mild,Mild
Batwoman,2019,tt8712204,Mild,Moderate,Mild,Mild,Moderate
Daybreak,2019,tt8755226,Mild,Moderate,Severe,Moderate,Mild
Euphoria,2019,tt8772296,Severe,Moderate,Severe,Severe,Severe
"The Society",2019,tt8778064,Moderate,Moderate,Severe,Moderate,Mild
"The Promised Neverland",2019,tt8788458,None,Mild,Mild,None,Moderate
"Living with Yourself",2019,tt8880894,Moderate,Mild,Moderate,Mild,Mild
Jinn,2019,tt8923396,Mild,Moderate,Severe,Moderate,Mild
"Black Summer",2019,tt8923854,Mild,Moderate,Moderate,Mild,Severe
"Why Women Kill",2019,tt9054904,Moderate,Mild,Moderate,Moderate,Mild
Evil,2019,tt9055008,Mild,Moderate,Mild,Mild,Moderate
"Virgin River",2019,tt9077530,Mild,Mild,Mild,Mild,Mild
"Criminal Justice",2019,tt9095260,Mild,Moderate,Severe,Moderate,Moderate
Rasbhari,2019,tt9096108,Mild,,Severe,,
"The Valhalla Murders",2019,tt9100822,Mild,Moderate,Moderate,Mild,Moderate
Trinkets,2019,tt9134194,Mild,Mild,Moderate,Moderate,Mild
"To the Lake",2019,tt9151230,Moderate,Severe,Moderate,Moderate,Moderate
"How to Sell Drugs Online (Fast)",2019,tt9184994,Mild,Mild,Moderate,Severe,Mild
Departure,2019,tt9252156,Mild,Moderate,Mild,Mild,Moderate
"Demon Slayer: Kimetsu no Yaiba",2019,tt9335498,None,Severe,Mild,None,Severe
"Criminal: UK",2019,tt9348692,Mild,None,Moderate,Mild,None
"Delhi Crime",2019,tt9398466,None,Moderate,Moderate,Mild,Severe
"Kota Factory",2019,tt9432978,None,None,Mild,Mild,None
"Hello Mini",2019,tt9454892,Moderate,Mild,Moderate,Moderate,Mild
Dororo,2019,tt9458304,Mild,Severe,Mild,None,Severe
"Kaguya-sama: Love is War",2019,tt9522300,Mild,None,Mild,None,None
"The Rising of the Shield Hero",2019,tt9529546,Mild,Moderate,Mild,Mild,Moderate
"The Family Man",2019,tt9544034,Mild,Moderate,Severe,Moderate,Moderate
"Love, Death & Robots",2019,tt9561862,Severe,Severe,Severe,Moderate,Severe
Enaaya,2019,tt9649436,,,Severe,,
"Dr. Stone",2019,tt9679542,Mild,Mild,Mild,Mild,Mild
"War of the Worlds",2019,tt9686194,Mild,Moderate,Mild,,Moderate
Abhay,2019,tt9778022,Moderate,Severe,Moderate,Moderate,Moderate
"The Disappearance of Madeleine McCann",2019,tt9879074,,Severe,,,
"I Know This Much Is True",2020,tt0425118,Moderate,Moderate,Moderate,Mild,Moderate
"Blood of Zeus",2020,tt10009170,Mild,Severe,Mild,None,Severe
"Never Have I Ever",2020,tt10062292,Mild,None,Mild,Mild,None
"Feel Good",2020,tt10098620,Moderate,None,Moderate,Moderate,None
"The Walking Dead: World Beyond",2020,tt10148174,Mild,Moderate,Mild,Mild,Moderate
"Love, Victor",2020,tt10166602,Mild,None,Mild,Mild,None
"Julie and the Phantoms",2020,tt10183988,None,None,None,None,None
"Avenue 5",2020,tt10234362,Mild,Mild,Severe,Mild,Mild
"Outer Banks",2020,tt10293938,Mild,Mild,Moderate,Moderate,Moderate
"Illegal - Justice, Out of Order",2020,tt10308632,None,Mild,,Moderate,None
"Zoey's Extraordinary Playlist",2020,tt10314462,Mild,None,Mild,Mild,None
"9-1-1: Lone Star",2020,tt10323338,Mild,Moderate,Mild,Mild,Moderate
"Love Life",2020,tt10380768,Moderate,None,Moderate,Mild,Mild
"The Third Day",2020,tt10482370,Mild,Moderate,Severe,Moderate,Moderate
"Love 101",2020,tt10516352,Mild,Mild,Severe,Moderate,Mild
Tehran,2020,tt10577736,Mild,Mild,Mild,Mild,Mild
"Most Dangerous Game",2020,tt10580064,None,Moderate,Moderate,None,Moderate
"Teenage Bounty Hunters",2020,tt10584608,Moderate,Mild,Moderate,Mild,Mild
"All Creatures Great and Small",2020,tt10590066,None,Mild,None,Mild,Mild
"Alice in Borderland",2020,tt10795658,Moderate,Severe,Mild,Mild,Severe
"Love & Anarchy",2020,tt10888876,Moderate,None,Mild,Mild,None
"Into the Night",2020,tt10919486,Mild,Mild,Moderate,Mild,Mild
"Ted Lasso",2020,tt10986410,Mild,None,Severe,Mild,None
"I May Destroy You",2020,tt11204260,Severe,Severe,Severe,Severe,Severe
"The King: Eternal Monarch",2020,tt11228748,None,Moderate,Mild,Moderate,Moderate
"Itaewon Class",2020,tt11239552,None,Mild,Moderate,Moderate,Mild
Ethos,2020,tt11301642,Mild,Mild,Mild,Mild,Mild
Caliphate,2020,tt11398870,Mild,Moderate,Moderate,,
"Code M",2020,tt11536424,None,None,Moderate,Moderate,None
"Sweet Home",2020,tt11612120,None,Severe,Moderate,Moderate,Severe
"The Midnight Gospel",2020,tt11639414,Mild,Moderate,Moderate,Moderate,Moderate
"Operation MBBS",2020,tt11775988,None,None,Mild,Mild,None
"Big Sky",2020,tt11794642,Mild,Moderate,Mild,Mild,Moderate
"Tiger King",2020,tt11823076,Mild,Moderate,Severe,Moderate,Moderate
"Special OPS",2020,tt11854694,None,Mild,Moderate,Mild,Mild
"Asur: Welcome to Your Dark Side",2020,tt11912196,None,Moderate,Moderate,Mild,Moderate
"Too Hot to Handle",2020,tt12004280,Mild,None,Mild,Mild,None
Panchayat,2020,tt12004706,None,None,Mild,Mild,None
"Jujutsu Kaisen",2020,tt12343534,Mild,Severe,Mild,None,Severe
"Scam 1992: The Harshad Mehta Story",2020,tt12392504,None,None,Mild,Mild,None
"Breathe: Into the Shadows",2020,tt12405230,Mild,Moderate,Moderate,Mild,Moderate
Paranormal,2020,tt12411074,None,Moderate,None,Mild,Moderate
"You Knock on My Door",2020,tt12439466,None,,,,
Aarya,2020,tt12448030,Moderate,Moderate,Moderate,Severe,Moderate
"It's Okay to Not Be Okay",2020,tt12451520,None,Mild,Mild,Mild,Moderate
"The Gone Game",2020,tt12768990,None,None,None,Mild,Mild
Aashram,2020,tt12805346,Moderate,Moderate,Severe,Moderate,Moderate
Start-Up,2020,tt12867810,None,Mild,None,Mild,None
"The Frog",2020,tt12920838,None,Moderate,Mild,Mild,Moderate
"Bicchoo Ka Khel",2020,tt12987728,None,,,,Severe
Paurashpur,2020,tt13439476,Severe,Moderate,,Severe,
"Fabulous Lives of Bollywood Wives",2020,tt13452100,Moderate,Mild,Moderate,Moderate,Mild
"Dash & Lily",2020,tt1758589,Mild,None,Mild,Mild,None
"Perry Mason",2020,tt2077823,Severe,Moderate,Moderate,Moderate,Moderate
"The Great",2020,tt2235759,Moderate,Moderate,Severe,Moderate,Mild
"Locke & Key",2020,tt3007572,Mild,Moderate,Mild,Mild,Mild
"Home Before Dark",2020,tt6053512,None,Mild,Mild,Mild,Mild
Snowpiercer,2020,tt6156584,Moderate,Severe,Moderate,Mild,Moderate
"Lovecraft Country",2020,tt6905686,Severe,Severe,Moderate,Moderate,Severe
"Alex Rider",2020,tt6964748,Mild,Moderate,Mild,Mild,Moderate
"Close Enough",2020,tt6994156,Moderate,Moderate,Moderate,Moderate,Mild
Ratched,2020,tt7423538,Moderate,Severe,Mild,Mild,Severe
"Your Honor",2020,tt7440726,Mild,Severe,Moderate,Mild,Severe
Hunters,2020,tt7456722,Moderate,Severe,Severe,Mild,Severe
"The Flight Attendant",2020,tt7569576,Mild,Moderate,Moderate,Severe,Mild
"Gangs of London",2020,tt7661390,Moderate,Severe,Moderate,Severe,Severe
Messiah,2020,tt7671598,Mild,Mild,Moderate,Mild,Mild
Upload,2020,tt7826376,Moderate,Moderate,Moderate,Mild,Mild
"Truth Seekers",2020,tt7907922,None,Moderate,Moderate,None,Moderate
"The Owl House",2020,tt8050756,None,Mild,None,None,Mild
Cursed,2020,tt8210856,Mild,Severe,Mild,Mild,Moderate
Utopia,2020,tt8303474,Mild,Severe,Moderate,Mild,Moderate
Dave,2020,tt8531222,Moderate,Mild,Severe,Moderate,None
"The Outsider",2020,tt8550800,Moderate,Severe,Moderate,Mild,Moderate
"High Fidelity",2020,tt8577458,Moderate,None,Moderate,Moderate,None
"The Wilds",2020,tt8633062,Moderate,Mild,Severe,Mild,Mild
Freud,2020,tt8667956,Severe,Severe,,Moderate,Severe
Stargirl,2020,tt8722888,None,Moderate,Mild,Mild,Moderate
Bridgerton,2020,tt8740790,Severe,Mild,Mild,Mild,Mild
"Tales from the Loop",2020,tt8741290,Moderate,None,Moderate,Mild,
Away,2020,tt8787802,Mild,None,Mild,Mild,Mild
"Star Trek: Picard",2020,tt8806524,Mild,Moderate,Moderate,Mild,Moderate
"October Faction",2020,tt8826128,Mild,Moderate,Moderate,Moderate,Mild
"Mythic Quest",2020,tt8879940,Mild,Mild,Severe,Mild,None
"Solar Opposites",2020,tt8910922,Moderate,Severe,Severe,Moderate,Moderate
"Emily in Paris",2020,tt8962124,Moderate,None,Mild,Mild,None
"Warrior Nun",2020,tt9059350,None,Moderate,Moderate,Mild,Moderate
"White Lines",2020,tt9073958,Severe,Moderate,Severe,Severe,Mild
"Sweet Magnolias",2020,tt9077540,Mild,None,Mild,Mild,None
"Spinning Out",2020,tt9117054,Mild,Mild,Moderate,Moderate,Mild
"Raised by Wolves",2020,tt9170108,Mild,Severe,Mild,Mild,Moderate
"Star Trek: Lower Decks",2020,tt9184820,Mild,Moderate,Mild,Mild,Mild
Barbarians,2020,tt9184986,Mild,Severe,Mild,Mild,Moderate
"Rise of Empires: Ottoman",2020,tt9244578,Moderate,Moderate,Mild,Mild,Mild
Ragnarok,2020,tt9251798,Mild,Moderate,Mild,Mild,Mild
P-Valley,2020,tt9340526,Severe,Mild,Moderate,Moderate,Mild
"Young Wallander",2020,tt9359220,Mild,Moderate,Mild,Moderate,Moderate
"I Am Not Okay with This",2020,tt9446688,Mild,Moderate,Moderate,Moderate,Moderate
"Space Force",2020,tt9612516,None,None,Moderate,Mild,None
"Unsolved Mysteries",2020,tt9642938,None,Mild,Mild,,Mild
"Paatal Lok",2020,tt9680440,Moderate,Severe,Severe,Moderate,Severe
"Brave New World",2020,tt9814116,Severe,Moderate,Moderate,Moderate,Mild
"Bandish Bandits",2020,tt9814458,Moderate,None,Moderate,Mild,None
Biohackers,2020,tt9849210,Mild,Mild,Mild,,Mild
"Motherland: Fort Salem",2020,tt9900092,Mild,Moderate,Mild,Mild,Moderate
Foundation,2021,tt0804484,Mild,Moderate,Mild,None,Mild
"What If...?",2021,tt10168312,None,Moderate,Mild,Mild,Moderate
"Inside Job",2021,tt10231312,Moderate,Moderate,Severe,Moderate,Mild
"The Lost Symbol",2021,tt10478054,None,Mild,Mild,None,Mild
"Snabba Cash",2021,tt10540276,Moderate,Severe,Severe,Severe,Moderate
"Clarkson's Farm",2021,tt10541088,None,Mild,Moderate,Mild,None
"Gossip Girl",2021,tt10653784,Moderate,None,Mild,Moderate,None
"Ginny & Georgia",2021,tt10813940,Moderate,Mild,Moderate,Moderate,Mild
"Masters of the Universe: Revelation",2021,tt10826054,None,Mild,None,None,Mild
"The Chestnut Man",2021,tt10834220,Mild,Severe,Mild,Mild,Moderate
Sex/Life,2021,tt10839422,Severe,None,Moderate,Mild,None
"The Irregulars",2021,tt10893694,Mild,Moderate,Mild,Mild,Moderate
"Squid Game",2021,tt10919420,Moderate,Severe,Moderate,Mild,Severe
Walker,2021,tt11006642,Mild,Moderate,Mild,Mild,
"The Mosquito Coast",2021,tt11041132,None,Moderate,Moderate,Moderate,Moderate
Yellowjackets,2021,tt11041332,Moderate,Severe,Moderate,Mild,Moderate
"Cruel Summer",2021,tt11083696,Mild,Mild,Mild,Mild,Mild
Katla,2021,tt11102190,Mild,Moderate,Mild,Mild,Severe
Tandav,2021,tt11117570,Mild,Severe,Severe,Severe,Moderate
Arcane,2021,tt11126994,Mild,Severe,Mild,Mild,Moderate
"Superman & Lois",2021,tt11192306,None,Mild,Mild,Mild,Mild
"The Sex Lives of College Girls",2021,tt11212276,Severe,None,Severe,Moderate,None
"The Equalizer",2021,tt11242246,Moderate,Mild,Moderate,Mild,None
Ghosts,2021,tt11379026,Mild,Mild,None,Mild,None
"The Silent Sea",2021,tt11570202,None,Moderate,Moderate,None,Moderate
"Young Rock",2021,tt11639952,None,,Mild,,
"La Brea",2021,tt11640018,None,Mild,,Mild,Mild
"The Married Woman",2021,tt11646658,Mild,,,,
"The Outlaws",2021,tt11646832,Mild,Mild,Moderate,Severe,Moderate
"Mayor of Kingstown",2021,tt11712058,Severe,Severe,Severe,Moderate,Severe
Hacks,2021,tt11815682,Mild,None,Moderate,Severe,Mild
"The Chair",2021,tt11834150,Mild,None,Moderate,Moderate,None
Vigil,2021,tt11846996,Mild,Moderate,Moderate,Moderate,Moderate
"Who Killed Sara?",2021,tt11937816,Severe,Moderate,Severe,Moderate,Moderate
"The Shrink Next Door",2021,tt11947248,Severe,,,,
"Leverage: Redemption",2021,tt12197698,Moderate,Moderate,Moderate,Severe,Severe
Hellbound,2021,tt12235718,None,Severe,Mild,Mild,Severe
"Santa Inc.",2021,tt12286260,Severe,Moderate,Severe,Moderate,None
"American Horror Stories",2021,tt12306692,Moderate,Severe,Severe,Moderate,Severe
"Cowboy Bebop",2021,tt1267295,Moderate,Severe,Moderate,Moderate,Moderate
"Star Wars: The Bad Batch",2021,tt12708542,None,Moderate,None,None,Mild
"Mumbai Diaries 26/11",2021,tt12714854,Mild,Severe,Severe,Mild,Severe
"Sweet Tooth",2021,tt12809988,None,Mild,Mild,None,Mild
"Only Murders in the Building",2021,tt12851524,Mild,Moderate,Severe,Mild,Mild
"My Name",2021,tt12940504,Mild,Severe,Severe,Severe,Severe
Time,2021,tt13138834,None,Moderate,Moderate,Moderate,Moderate
"Resident Evil: Infinite Darkness",2021,tt13173144,Mild,Severe,Moderate,Mild,Moderate
"Tokyo Revengers",2021,tt13196080,Mild,Moderate,Mild,Mild,Moderate
"Mushoku Tensei: Jobless Reincarnation",2021,tt13293588,Moderate,Moderate,Mild,Mild,Mild
Sunflower,2021,tt13304410,Mild,None,Moderate,Moderate,Mild
Snowdrop,2021,tt13304700,None,Moderate,Mild,Mild,Moderate
"The White Lotus",2021,tt13406094,Moderate,Mild,Moderate,Severe,None
Vincenzo,2021,tt13433812,None,Severe,Mild,Mild,Severe
"Star Wars: Visions",2021,tt13622982,None,Mild,None,None,Mild
"Reservation Dogs",2021,tt13623580,Mild,Mild,Severe,Moderate,Mild
"Not Me",2021,tt13661118,Mild,,,Mild,
"The Book of Boba Fett",2021,tt13668894,None,Moderate,None,None,Mild
"As If",2021,tt13675832,None,None,Moderate,Mild,None
"And Just Like That...",2021,tt13819960,Moderate,None,Moderate,Moderate,Mild
Siyavash,2021,tt13851804,,,,,
"The One",2021,tt13879466,Mild,Mild,Moderate,Mild,Mild
"Special Ops 1.5: The Himmat Story",2021,tt13899566,Mild,Mild,Moderate,,
1883,2021,tt13991232,Moderate,Moderate,Moderate,Mild,Moderate
"Dota: Dragon's Blood",2021,tt14069590,Mild,Severe,Moderate,Mild,Moderate
"Abbott Elementary",2021,tt14218830,None,None,Mild,None,None
Aspirants,2021,tt14392248,None,None,Mild,Mild,None
Candy,2021,tt14479078,Mild,Moderate,Severe,Severe,
"Racket Boys",2021,tt14482414,None,Mild,,Mild,Moderate
"Hometown Cha-Cha-Cha",2021,tt14518756,None,None,Mild,Mild,None
Dhindora,2021,tt14650074,Mild,None,Moderate,None,None
"Young Royals",2021,tt14664414,Moderate,Mild,Mild,Moderate,None
"The Empire",2021,tt15012366,Mild,Severe,,,
"The Wheel of Time: Origins",2021,tt16358754,,,,,
Clarice,2021,tt2177268,Mild,Moderate,Mild,Mild,Moderate
"Shadow and Bone",2021,tt2403776,Mild,Moderate,None,Mild,Moderate
Lupin,2021,tt2531336,None,Mild,Moderate,Mild,Mild
"Jupiter's Legacy",2021,tt5774002,Mild,Severe,Moderate,Moderate,Moderate
Invincible,2021,tt6741278,Mild,Severe,Moderate,Mild,Severe
"Tell Me Your Secrets",2021,tt7177890,Mild,,Mild,Mild,
"The Wheel of Time",2021,tt7462410,Mild,Severe,Mild,Mild,Severe
"The North Water",2021,tt7660970,Mild,Severe,Moderate,Mild,Moderate
"Made for Love",2021,tt7808566,Moderate,Mild,Moderate,Mild,Mild
"Y: The Last Man",2021,tt8042500,Moderate,Moderate,Moderate,Moderate,Severe
"Fate: The Winx Saga",2021,tt8179402,Mild,Moderate,Moderate,Moderate,Moderate
"One Of Us Is Lying",2021,tt8354062,Mild,Moderate,Moderate,Mild,Moderate
Chucky,2021,tt8388390,Mild,Severe,Severe,Mild,Severe
"Resident Alien",2021,tt8690918,Mild,Moderate,Moderate,Mild,Mild
"The Nevers",2021,tt8697870,Moderate,Moderate,Moderate,Mild,Moderate
"Firefly Lane",2021,tt9012876,Moderate,None,Moderate,Moderate,Mild
Them,2021,tt9064858,Mild,Severe,Severe,Moderate,Severe
Loki,2021,tt9140554,None,Moderate,Mild,None,Moderate
"Dr. Death",2021,tt9179552,Moderate,Moderate,Severe,Moderate,Mild
"Tribes of Europa",2021,tt9184982,Moderate,Moderate,Mild,Mild,Mild
Invasion,2021,tt9737326,Mild,,Moderate,,Moderate
"Winning Time: The Rise of the Lakers Dynasty",2022,tt10244600,Severe,Mild,Severe,Moderate,Mild
Heartstopper,2022,tt10638036,None,Mild,None,None,Mild
"The Rehearsal",2022,tt10802170,None,None,Moderate,Mild,Mild
"She-Hulk: Attorney at Law",2022,tt10857160,Mild,Mild,Mild,Mild,Mild
"Our Flag Means Death",2022,tt11000902,Mild,Moderate,Moderate,Mild,Mild
"House of the Dragon",2022,tt11198330,Severe,Severe,Severe,Mild,Severe
"The Legend of Vox Machina",2022,tt11247158,Moderate,Severe,Severe,Mild,Moderate
Severance,2022,tt11280740,None,Mild,Moderate,Mild,Moderate
"Vikings: Valhalla",2022,tt11311302,Moderate,Severe,None,Mild,Moderate
"Outer Range",2022,tt11685912,Mild,Moderate,Moderate,Moderate,Mild
"The Terminal List",2022,tt11743610,Mild,Severe,Severe,Moderate,Moderate
"The Tourist",2022,tt11847842,Moderate,Severe,Severe,Moderate,Moderate
"The Responder",2022,tt11899030,None,,Severe,Moderate,
"Star Trek: Strange New Worlds",2022,tt12327578,Mild,Mild,Mild,Mild,Mild
"Cyberpunk: Edgerunners",2022,tt12590266,Severe,Severe,Severe,Severe,Severe
"The Afterparty",2022,tt12614214,Mild,Mild,Moderate,Mild,Mild
Peacemaker,2022,tt13146488,Severe,Severe,Severe,Moderate,Severe
"The Life and Movies of Erşan Kuneri",2022,tt13238304,Mild,Mild,Severe,Moderate,None
"First Kill",2022,tt13315156,Mild,Moderate,Mild,Mild,Moderate
"Night Sky",2022,tt13361448,None,Mild,Moderate,Mild,Mild
"Archive 81",2022,tt13365348,Mild,Moderate,Severe,Mild,Severe
Wednesday,2022,tt13443470,None,Moderate,Mild,None,Moderate
"The Midnight Club",2022,tt13444912,None,Moderate,Moderate,Moderate,Moderate
"Chainsaw Man",2022,tt13616990,Moderate,Severe,Mild,Mild,Severe
"I Am Groot",2022,tt13623148,None,None,None,None,None
"Man vs. Bee",2022,tt13640670,Mild,Mild,None,None,Mild
"SPY×FAMILY",2022,tt13706018,None,Mild,None,Mild,Mild
"The Lincoln Lawyer",2022,tt13833978,Mild,Mild,Moderate,Mild,Mild
"Rocket Boys",2022,tt13868972,None,None,Mild,Moderate,None
"The Summer I Turned Pretty",2022,tt14016500,Mild,None,Moderate,Moderate,None
"Bosch: Legacy",2022,tt14168162,None,Mild,Moderate,Mild,Mild
"All of Us Are Dead",2022,tt14169960,Mild,Severe,Severe,Mild,Severe
"The Devil's Hour",2022,tt14379784,Mild,Moderate,Moderate,Mild,Moderate
"The Bear",2022,tt14452776,None,Mild,Severe,Mild,Moderate
"How I Met Your Father",2022,tt14500082,Mild,None,Mild,Mild,None
"The Office Blind Date",2022,tt14819828,Mild,,,Moderate,None
"The Watcher",2022,tt14852808,Moderate,Moderate,Severe,Mild,Moderate
"Anne Rice's Interview with the Vampire",2022,tt14921986,Moderate,Severe,Severe,Moderate,Moderate
"Bleach: Thousand-Year Blood War",2022,tt14986406,Mild,Severe,None,None,Severe
Human,2022,tt15128088,Moderate,Severe,Moderate,Moderate,Moderate
Murderville,2022,tt15264192,None,Mild,Moderate,Mild,None
"Campus Diaries",2022,tt15295490,Mild,Mild,Severe,Moderate,None
Uncoupled,2022,tt15466144,Moderate,Mild,Moderate,Mild,None
"Bad Sisters",2022,tt15469618,,,,,
"London Files",2022,tt15477556,,,,,
"The Great Weddings of Munnes",2022,tt16227240,None,,,,
"The Boys Presents: Diabolical",2022,tt16350094,Severe,Severe,Severe,Severe,Severe
"The Great Indian Murder",2022,tt16729514,Mild,Moderate,Severe,Severe,Moderate
"The Sandman",2022,tt1751634,Moderate,Severe,Moderate,Mild,Moderate
"Modern Love: Mumbai",2022,tt18247152,,,,,
"Aadha Ishq",2022,tt19864730,,,,,
"The Pogmentary",2022,tt20255706,Severe,Severe,None,Severe,Severe
"Feels Like Home",2022,tt20449048,Mild,,,Moderate,
"Tales of the Jedi",2022,tt20723374,None,Moderate,None,None,Moderate
"Cyber Vaar",2022,tt20866202,,,,,
"Extraordinary Attorney Woo",2022,tt20869502,None,Mild,Mild,Mild,None
"NCR Days",2022,tt21279678,None,,,,
"Karm Yuddh",2022,tt22373148,,,,,
"Tokyo Vice",2022,tt2887954,Moderate,Moderate,Moderate,Moderate,Moderate
Halo,2022,tt2934286,Mild,Severe,Mild,None,Moderate
"Shining Girls",2022,tt2953250,None,Moderate,Mild,Moderate,Moderate
"The Gilded Age",2022,tt4406178,Moderate,None,None,Mild,None
"The Old Man",2022,tt5645432,None,Severe,Moderate,Mild,Moderate
"Slow Horses",2022,tt5875444,None,Moderate,Severe,Mild,Moderate
"The Lord of the Rings: The Rings of Power",2022,tt7631058,None,Moderate,Mild,None,Moderate
"A League of Their Own",2022,tt8226360,Moderate,None,Moderate,Mild,None
"The Peripheral",2022,tt8291284,Mild,Severe,Severe,Moderate,Moderate
"Guillermo del Toro's Cabinet of Curiosities",2022,tt8415836,Moderate,Severe,Moderate,Moderate,Severe
"This Is Going to Hurt",2022,tt8681148,Moderate,Moderate,Moderate,Mild,Moderate
"The Time Traveler's Wife",2022,tt8783930,Moderate,Mild,Mild,Mild,Mild
"Pieces of Her",2022,tt9170236,Mild,Moderate,Moderate,,
Andor,2022,tt9253284,Mild,Moderate,Mild,Mild,Moderate
Reacher,2022,tt9288030,Moderate,Severe,Moderate,Mild,Moderate
1899,2022,tt9319668,Mild,Moderate,Moderate,Mild,Severe
"The Fame Game",2022,tt9447956,Mild,None,Moderate,Moderate,Mild
"Resident Evil",2022,tt9660182,None,Severe,Moderate,Mild,Moderate
From,2022,tt9813792,Mild,Severe,Moderate,Mild,Severe
